-- 删除现有表
-- DROP TABLE 
--     `article`, `article_tag`, `category`, 
--     `user`, `comment`, `tag`, 
--     `tenant`, `package`
-- ;
-- 设置数据库字符集和排序规则
SET NAMES utf8mb4;
SET FOREIGN_KEY_CHECKS = 0;

-- 清空现有数据
TRUNCATE TABLE `article`;
TRUNCATE TABLE `article_tag`;
TRUNCATE TABLE `category`;
TRUNCATE TABLE `user`;
TRUNCATE TABLE `comment`;
TRUNCATE TABLE `tag`;
TRUNCATE TABLE `tenant`;
TRUNCATE TABLE `package`;

-- 插入套餐数据
INSERT INTO package (id, code, name, description, price, max_articles, max_storage, custom_domain_enabled, advanced_stats_enabled, create_time, update_time) VALUES
(1, 'FREE', '免费版', '基础博客功能，适合个人初学者', 0.00, 10, 100, 0, 0, '2024-01-01 10:00:00', '2024-01-01 10:00:00'),
(2, 'PRO', '专业版', '进阶功能，支持自定义域名和无限文章', 19.90, 1000, 5120, 0, 1, '2024-01-01 10:00:00', '2024-01-01 10:00:00'),
(3, 'ULTIMATE', '旗舰版', '全功能解锁，大容量存储', 49.90, 10000, 20480, 1, 1, '2024-01-01 10:00:00', '2024-01-01 10:00:00');

-- 插入租户数据
INSERT INTO tenant (id, code, name, status, package_id, web_info, social_info, links, custom_code, expire_time, create_time, update_time) VALUES
(1, 'admin', '归园田居', 'ACTIVE', 3, 
'{"title": "归园田居 - 官方站点", "description": "这是一个关于技术分享和生活点滴的官方博客。", "keywords": "归园田居, 技术博客, Java, Spring, 架构, 生活", "authorName": "wyc", "logo": "/img/avatar.png", "favicon": "/img/favicon.ico", "footerInfo": "©2016 - 2026 BY WYC - 归园田居", "theme": "light", "generateSitemap": true}', 
'{"github": "https://github.com/freecity", "email": "110@163.com", "wechat": null, "qq": null}', 
'{"工具类": [{"name": "GitHub", "url": "https://github.com", "desc": "全球最大的开源项目托管平台"}, {"name": "StackOverflow", "url": "https://stackoverflow.com", "desc": "全球最大的编程问答社区"}], "博客类": [{"name": "FreeCity", "url": "https://freecity.club", "desc": "技术分享与交流"}]}', 
'{"css": null, "js": null}', 
NULL, '2024-01-01 10:00:00', '2024-01-01 10:00:00'),
(2, 'test', '测试租户', 'ACTIVE', 2, 
'{"title": "我的个人博客", "description": "欢迎来到我的测试空间。", "keywords": "测试, 演示, 博客", "authorName": "测试博主", "logo": "/img/avatar.png", "favicon": "/img/favicon.ico", "footerInfo": "© 2024 测试博主的博客. 仅供演示使用.", "theme": "light", "generateSitemap": true}', 
'{"github": null, "email": "test@example.com", "wechat": null, "qq": null}', 
'{"友情链接": [{"name": "百度", "url": "https://baidu.com", "desc": "中文搜索引擎"}, {"name": "Google", "url": "https://google.com", "desc": "全球搜索引擎"}]}', 
'{"css": null, "js": null}', 
NULL, '2024-01-01 10:00:00', '2024-01-01 10:00:00');

-- 插入用户数据 (密码均为 123456)
-- $2a$10$u8KcHrj4h5h71cgOD51j.OUkNoZRZDIL8ghE1P05lcdbAAJKD88Xq
INSERT INTO `user` (id, username, password, nickname, email, avatar, bio, role, tenant_id, status, login_fail_count, lockout_time, password_update_time, create_time, update_time) VALUES
(1, 'superadmin', '$2a$10$u8KcHrj4h5h71cgOD51j.OUkNoZRZDIL8ghE1P05lcdbAAJKD88Xq', '超级管理员', 'super@freecity.club', NULL, '系统超级管理员，拥有所有权限。', 'SUPER_ADMIN', 1, 'ENABLED', 0, NULL, '2024-01-01 10:00:00', '2024-01-01 10:00:00', '2024-01-01 10:00:00'),
(2, 'admin', '$2a$10$u8KcHrj4h5h71cgOD51j.OUkNoZRZDIL8ghE1P05lcdbAAJKD88Xq', '主域管理员', 'admin@freecity.club', NULL, '主租户管理员。', 'TENANT_ADMIN', 1, 'ENABLED', 0, NULL, '2024-01-01 10:00:00', '2024-01-01 10:00:00', '2024-01-01 10:00:00'),
(3, 'test_admin', '$2a$10$u8KcHrj4h5h71cgOD51j.OUkNoZRZDIL8ghE1P05lcdbAAJKD88Xq', '测试租户管理员', 'test@freecity.club', NULL, '测试租户的管理员。', 'TENANT_ADMIN', 2, 'ENABLED', 0, NULL, '2024-01-01 10:00:00', '2024-01-01 10:00:00', '2024-01-01 10:00:00');

-- 插入分类数据
INSERT INTO category (id, parent_id, name, description, article_count, weight, level, tenant_id, create_time, update_time) VALUES
(1, 0, 'Java开发', 'Java相关技术文章', 2, 10, 1, 1, '2024-01-01 10:00:00', '2024-01-01 10:00:00'),
(2, 0, '架构设计', '系统架构设计相关文章', 1, 8, 1, 1, '2024-01-01 10:00:00', '2024-01-01 10:00:00'),
(3, 0, '数据库', '数据库相关技术文章', 1, 6, 1, 1, '2024-01-01 10:00:00', '2024-01-01 10:00:00'),
(4, 1, 'Spring', 'Spring生态相关文章', 0, 5, 2, 1, '2024-01-01 10:00:00', '2024-01-01 10:00:00'),
(5, 1, 'JVM', 'JVM原理与调优', 0, 4, 2, 1, '2024-01-01 10:00:00', '2024-01-01 10:00:00'),
(6, 4, 'Spring Boot', 'Spring Boot实战', 0, 3, 3, 1, '2024-01-01 10:00:00', '2024-01-01 10:00:00'),
(101, 0, '技术分享', '租户2的技术分享', 1, 10, 1, 2, '2024-01-01 10:00:00', '2024-01-01 10:00:00');

-- 插入标签数据
INSERT INTO tag (id, name, article_count, tenant_id, create_time, update_time) VALUES
(1, 'Spring Boot', 2, 1, '2024-01-01 10:00:00', '2024-01-01 10:00:00'),
(2, '微服务', 1, 1, '2024-01-01 10:00:00', '2024-01-01 10:00:00'),
(3, 'MySQL', 1, 1, '2024-01-01 10:00:00', '2024-01-01 10:00:00'),
(4, '设计模式', 1, 1, '2024-01-01 10:00:00', '2024-01-01 10:00:00');

-- 插入文章数据
INSERT INTO article (id, title, content, summary, thumbnail, view_count, comment_count, like_count, published, top, category_id, tenant_id, create_time, update_time) VALUES
(1, 'Spring Boot 3.0新特性解析', '# Spring Boot 3.0新特性解析\n\n## 1. 概述\nSpring Boot 3.0 是一个重要的版本更新，带来了许多激动人心的新特性。\n\n### 1.1 核心依赖升级\n- **Spring Framework 6.0**：基于 Java 17 重新设计。\n- **Jakarta EE 9**：包名从 `javax` 迁移到 `jakarta`。\n\n## 2. 主要更新\n1. **最低支持 Java 17**\n2. **原生支持 GraalVM**：支持编译为本地可执行文件。\n\n### 2.1 GraalVM 示例\n```java\n// Spring Boot 3 Native support\n@SpringBootApplication\npublic class MyApplication {\n    public static void main(String[] args) {\n        SpringApplication.run(MyApplication.class, args);\n    }\n}\n```\n\n## 3. 性能优化\n| 特性 | Spring Boot 2.x | Spring Boot 3.0 |\n| :--- | :--- | :--- |\n| 启动速度 | 较慢 | 提升 30% |\n| 内存占用 | 较高 | 显著降低 |\n\n---\n> 提示：升级前请务必阅读[官方迁移指南](https://github.com/spring-projects/spring-boot/wiki/Spring-Boot-3.0-Migration-Guide)。', 'Spring Boot 3.0版本更新解析，包含主要特性介绍和最佳实践指南', '/img/spring-boot.jpg', 1500, 2, 45, true, true, 1, 1, '2024-01-01 10:00:00', '2024-01-01 10:00:00'),
(2, '微服务架构设计实践', '# 微服务架构设计实践\n\n## 1. 微服务概述\n微服务架构是一种将单一应用程序开发为一组小型服务的方法。\n\n## 2. 核心原则\n- **单一职责**：每个服务专注于特定的业务功能。\n- **自治性**：团队独立开发、测试、部署。\n- **数据独立**：每个服务拥有自己的数据库。\n\n## 3. 最佳实践\n### 3.1 服务通信\n- **同步调用**：REST, gRPC\n- **异步消息**：RabbitMQ, Kafka\n\n### 3.2 服务治理\n> 使用 Nacos 或 Consul 进行服务发现与配置管理。\n\n## 4. 总结\n架构设计需要在复杂度和收益之间寻找平衡。', '深入解析微服务架构设计原则 and 实践经验', '/img/microservice.jpg', 2000, 3, 60, true, false, 2, 1, '2024-01-02 14:30:00', '2024-01-02 14:30:00'),
(3, 'MySQL性能优化指南', '# MySQL性能优化指南\n\n## 1. 索引优化\n合理的索引设计是提升数据库性能的关键。\n\n### 1.1 聚簇索引 vs 非聚簇索引\n- **聚簇索引**：数据存储在索引的叶子节点。\n- **非聚簇索引**：叶子节点存储的是主键值。\n\n## 2. 查询优化\n- 避免 `SELECT *`，只查询需要的字段。\n- 合理使用 `EXPLAIN` 分析执行计划。\n\n## 3. 配置优化\n```ini\n[mysqld]\ninnodb_buffer_pool_size = 2G\ninnodb_log_file_size = 512M\nmax_connections = 1000\n```\n\n---\n*本文旨在提供通用的 MySQL 优化策略。*', 'MySQL数据库性能优化的实用指南', '/img/mysql.jpg', 1200, 1, 30, true, false, 3, 1, '2024-01-03 16:45:00', '2024-01-03 16:45:00'),
(4, 'Spring Cloud 微服务实战 - 4', '# Spring Cloud 微服务实战 - 4\n\n## 1. 课程内容\n这是关于 Spring Cloud 微服务实战的第 4 部分。\n\n## 2. 分页测试\n这里有足够的内容来测试文章详情页的展示效果。\n- **知识点 A**\n- **知识点 B**\n\n### 2.1 代码演示\n```java\n@EnableDiscoveryClient\npublic class ProviderApplication { }\n```', 'Spring Cloud 微服务实战 - 4 的摘要信息，用于测试首页列表展示效果。', '/img/article/sample-1.jpg', 100, 0, 0, true, true, 1, 1, '2024-01-04 10:00:00', '2024-01-04 10:00:00'),
(5, 'Docker 容器化部署指南 - 5', '# Docker 容器化部署指南 - 5\n\n## 1. Dockerfile 编写\n掌握高效的 Docker 镜像构建技巧。\n\n## 2. 常用命令\n```bash\ndocker build -t my-app .\ndocker run -d -p 8080:8080 my-app\n```', 'Docker 容器化部署指南 - 5 的摘要信息，用于测试首页列表展示效果。', '/img/article/sample-2.jpg', 110, 1, 2, true, false, 2, 1, '2024-01-05 11:00:00', '2024-01-05 11:00:00'),
(6, 'Kubernetes 集群管理入门 - 6', '# Kubernetes 集群管理入门 - 6\n\n## 1. K8s 组件\n- **Control Plane**\n- **Worker Nodes**\n\n## 2. 部署应用\n使用 `kubectl` 进行应用生命周期管理。', 'Kubernetes 集群管理入门 - 6 的摘要信息，用于测试首页列表展示效果。', '/img/article/sample-3.jpg', 120, 2, 4, true, false, 3, 1, '2024-01-06 12:00:00', '2024-01-06 12:00:00'),
(7, 'Redis 缓存深度解析 - 7', '# Redis 缓存深度解析 - 7\n\n## 1. 数据结构\n- String\n- List\n- Hash\n- Set\n- ZSet\n\n## 2. 持久化机制\n- **RDB**\n- **AOF**', 'Redis 缓存深度解析 - 7 的摘要信息，用于测试首页列表展示效果。', '/img/article/sample-4.jpg', 130, 3, 6, true, false, 1, 1, '2024-01-07 13:00:00', '2024-01-07 13:00:00'),
(8, 'Kafka 消息队列原理与应用 - 8', '# Kafka 消息队列原理与应用 - 8\n\n## 1. 核心概念\n- Topic\n- Partition\n- Offset\n\n## 2. 吞吐量优化\n批量发送与零拷贝技术。', 'Kafka 消息队列原理与应用 - 8 的摘要信息，用于测试首页列表展示效果。', '/img/article/sample-5.jpg', 140, 4, 8, true, false, 2, 1, '2024-01-08 14:00:00', '2024-01-08 14:00:00'),
(9, 'Elasticsearch 搜索引擎实践 - 9', '# Elasticsearch 搜索引擎实践 - 9\n\n## 1. 倒排索引\nElasticsearch 的核心原理。\n\n## 2. DSL 查询\n```json\n{\n  "query": { "match_all": {} }\n}\n```', 'Elasticsearch 搜索引擎实践 - 9 的摘要信息，用于测试首页列表展示效果。', '/img/article/sample-1.jpg', 150, 5, 10, true, false, 3, 1, '2024-01-09 15:00:00', '2024-01-09 15:00:00'),
(10, 'JVM 调优实战经验 - 10', '# JVM 调优实战经验 - 10\n\n## 1. 垃圾回收算法\n- CMS\n- G1\n- ZGC\n\n## 2. 调优工具\n- jstat\n- jvisualvm\n- Arthas', 'JVM 调优实战经验 - 10 的摘要信息，用于测试首页列表展示效果。', '/img/article/sample-2.jpg', 160, 6, 12, true, false, 1, 1, '2024-01-10 16:00:00', '2024-01-10 16:00:00'),
(11, 'Design Patterns in Java - 11', '# Design Patterns in Java - 11\n\n## 1. 创建型模式\n- 单例模式\n- 工厂模式\n\n## 2. 结构型模式\n- 装饰器模式\n- 代理模式', 'Design Patterns in Java - 11 的摘要信息，用于测试首页列表展示效果。', '/img/article/sample-3.jpg', 170, 7, 14, true, false, 2, 1, '2024-01-11 17:00:00', '2024-01-11 17:00:00'),
(12, 'Clean Code 编程之道 - 12', '# Clean Code 编程之道 - 12\n\n## 1. 命名规范\n- 有意义的变量名\n- 函数只做一件事\n\n## 2. 注释原则\n> 代码即注释。', 'Clean Code 编程之道 - 12 的摘要信息，用于测试首页列表展示效果。', '/img/article/sample-4.jpg', 180, 8, 16, true, false, 3, 1, '2024-01-12 18:00:00', '2024-01-12 18:00:00'),
(13, 'Spring Security 认证授权详解 - 13', '# Spring Security 认证授权详解 - 13\n\n## 1. 认证流程\n`UsernamePasswordAuthenticationFilter` 的工作原理。\n\n## 2. RBAC 模型\n基于角色的权限控制实现。', 'Spring Security 认证授权详解 - 13 的摘要信息，用于测试首页列表展示效果。', '/img/article/sample-5.jpg', 190, 9, 18, true, false, 1, 1, '2024-01-13 19:00:00', '2024-01-13 19:00:00'),
(14, 'MyBatis-Plus 高级用法 - 14', '# MyBatis-Plus 高级用法 - 14\n\n## 1. 条件构造器\n`QueryWrapper` 与 `LambdaQueryWrapper`。\n\n## 2. 代码生成器\n快速生成基础代码。', 'MyBatis-Plus 高级用法 - 14 的摘要信息，用于测试首页列表展示效果。', '/img/article/sample-1.jpg', 200, 0, 20, true, false, 2, 1, '2024-01-14 20:00:00', '2024-01-14 20:00:00'),
(15, 'PostgreSQL 进阶指南 - 15', '# PostgreSQL 进阶指南 - 15\n\n## 1. JSONB 支持\n强大的文档存储能力。\n\n## 2. 窗口函数\n复杂报表统计利器。', 'PostgreSQL 进阶指南 - 15 的摘要信息，用于测试首页列表展示效果。', '/img/article/sample-2.jpg', 210, 1, 22, true, false, 3, 1, '2024-01-15 21:00:00', '2024-01-15 21:00:00'),
(16, 'React 前端开发实战 - 16', '# React 前端开发实战 - 16\n\n## 1. Hooks\n- useState\n- useEffect\n\n## 2. 组件通信\n- Props\n- Context API', 'React 前端开发实战 - 16 的摘要信息，用于测试首页列表展示效果。', '/img/article/sample-3.jpg', 220, 2, 24, true, false, 1, 1, '2024-01-16 22:00:00', '2024-01-16 22:00:00'),
(17, 'Vue 3.0 全家桶解析 - 17', '# Vue 3.0 全家桶解析 - 17\n\n## 1. Composition API\n更好的代码复用性。\n\n## 2. Vite\n新一代前端构建工具。', 'Vue 3.0 全家桶解析 - 17 的摘要信息，用于测试首页列表展示效果。', '/img/article/sample-4.jpg', 230, 3, 26, true, false, 2, 1, '2024-01-17 23:00:00', '2024-01-17 23:00:00'),
(18, 'TypeScript 核心基础 - 18', '# TypeScript 核心基础 - 18\n\n## 1. 类型系统\n- Interface\n- Type Alias\n\n## 2. 泛型编程\n增强代码的通用性。', 'TypeScript 核心基础 - 18 的摘要信息，用于测试首页列表展示效果。', '/img/article/sample-5.jpg', 240, 4, 28, true, false, 3, 1, '2024-01-19 00:00:00', '2024-01-19 00:00:00'),
(19, 'Node.js 服务端开发 - 19', '# Node.js 服务端开发 - 19\n\n## 1. 事件循环\nNode.js 非阻塞 I/O 的基石。\n\n## 2. Express vs NestJS\n主流框架对比。', 'Node.js 服务端开发 - 19 的摘要信息，用于测试首页列表展示效果。', '/img/article/sample-1.jpg', 250, 5, 30, true, true, 1, 1, '2024-01-20 01:00:00', '2024-01-20 01:00:00'),
(20, 'Go 语言并发编程 - 20', '# Go 语言并发编程 - 20\n\n## 1. Goroutine\n轻量级线程。\n\n## 2. Channel\n通过通信来共享内存。', 'Go 语言并发编程 - 20 的摘要信息，用于测试首页列表展示效果。', '/img/article/sample-2.jpg', 260, 6, 32, true, false, 2, 1, '2024-01-21 02:00:00', '2024-01-21 02:00:00'),
(21, 'Python 自动化脚本编写 - 21', '# Python 自动化脚本编写 - 21\n\n## 1. Selenium\nWeb 自动化测试。\n\n## 2. Pandas\n数据处理与分析。', 'Python 自动化脚本编写 - 21 的摘要信息，用于测试首页列表展示效果。', '/img/article/sample-3.jpg', 270, 7, 34, true, false, 3, 1, '2024-01-22 03:00:00', '2024-01-22 03:00:00'),
(22, 'Linux 系统运维常用命令 - 22', '# Linux 系统运维常用命令 - 22\n\n## 1. 系统监控\n- top\n- htop\n- free\n\n## 2. 网络诊断\n- netstat\n- ping', 'Linux 系统运维常用命令 - 22 的摘要信息，用于测试首页列表展示效果。', '/img/article/sample-4.jpg', 280, 8, 36, true, false, 1, 1, '2024-01-23 04:00:00', '2024-01-23 04:00:00'),
(23, 'Nginx 反向代理配置 - 23', '# Nginx 反向代理配置 - 23\n\n## 1. 负载均衡\n- Round Robin\n- Least Conn\n\n## 2. 缓存配置\n提升访问速度。', 'Nginx 反向代理配置 - 23 的摘要信息，用于测试首页列表展示效果。', '/img/article/sample-5.jpg', 290, 9, 38, true, false, 2, 1, '2024-01-24 05:00:00', '2024-01-24 05:00:00'),
(24, 'HTTP/3 协议深度分析 - 24', '# HTTP/3 协议深度分析 - 24\n\n## 1. QUIC 协议\n基于 UDP 的可靠传输。\n\n## 2. 0-RTT\n极速连接建立。', 'HTTP/3 协议深度分析 - 24 的摘要信息，用于测试首页列表展示效果。', '/img/article/sample-1.jpg', 300, 0, 40, true, false, 3, 1, '2024-01-25 06:00:00', '2024-01-25 06:00:00'),
(25, 'Spring Cloud 微服务实战 - 25', '# Spring Cloud 微服务实战 - 25\n\n## 1. 章节一\n这是关于 Spring Cloud 微服务实战 - 25 的第一部分内容。\n\n### 1.1 小节一\n这里有一些详细描述。\n\n## 2. 章节二\n- 列表项 1\n- 列表项 2\n\n### 2.1 小节二\n```java\npublic class Test {\n    public static void main(String[] args) {\n        System.out.println("测试数据 25");\n    }\n}\n```\n\n---\n> 这是测试数据编号 25 的结尾。', 'Spring Cloud 微服务实战 - 25 的摘要信息，用于测试首页列表展示效果。', '/img/article/sample-2.jpg', 310, 1, 42, true, false, 1, 1, '2024-01-26 07:00:00', '2024-01-26 07:00:00'),
(26, 'Docker 容器化部署指南 - 26', '# Docker 容器化部署指南 - 26\n\n## 1. 章节一\n这是关于 Docker 容器化部署指南 - 26 的第一部分内容。\n\n### 1.1 小节一\n这里有一些详细描述。\n\n## 2. 章节二\n- 列表项 1\n- 列表项 2\n\n### 2.1 小节二\n```java\npublic class Test {\n    public static void main(String[] args) {\n        System.out.println("测试数据 26");\n    }\n}\n```\n\n---\n> 这是测试数据编号 26 的结尾。', 'Docker 容器化部署指南 - 26 的摘要信息，用于测试首页列表展示效果。', '/img/article/sample-3.jpg', 320, 2, 44, true, false, 2, 1, '2024-01-27 08:00:00', '2024-01-27 08:00:00'),
(27, 'Kubernetes 集群管理入门 - 27', '# Kubernetes 集群管理入门 - 27\n\n## 1. 章节一\n这是关于 Kubernetes 集群管理入门 - 27 的第一部分内容。\n\n### 1.1 小节一\n这里有一些详细描述。\n\n## 2. 章节二\n- 列表项 1\n- 列表项 2\n\n### 2.1 小节二\n```java\npublic class Test {\n    public static void main(String[] args) {\n        System.out.println("测试数据 27");\n    }\n}\n```\n\n---\n> 这是测试数据编号 27 的结尾。', 'Kubernetes 集群管理入门 - 27 的摘要信息，用于测试首页列表展示效果。', '/img/article/sample-4.jpg', 330, 3, 46, true, false, 3, 1, '2024-01-28 09:00:00', '2024-01-28 09:00:00'),
(28, 'Redis 缓存深度解析 - 28', '# Redis 缓存深度解析 - 28\n\n## 1. 章节一\n这是关于 Redis 缓存深度解析 - 28 的第一部分内容。\n\n### 1.1 小节一\n这里有一些详细描述。\n\n## 2. 章节二\n- 列表项 1\n- 列表项 2\n\n### 2.1 小节二\n```java\npublic class Test {\n    public static void main(String[] args) {\n        System.out.println("测试数据 28");\n    }\n}\n```\n\n---\n> 这是测试数据编号 28 的结尾。', 'Redis 缓存深度解析 - 28 的摘要信息，用于测试首页列表展示效果。', '/img/article/sample-5.jpg', 340, 4, 48, true, false, 1, 1, '2024-01-29 10:00:00', '2024-01-29 10:00:00'),
(29, 'Kafka 消息队列原理与应用 - 29', '# Kafka 消息队列原理与应用 - 29\n\n## 1. 章节一\n这是关于 Kafka 消息队列原理与应用 - 29 的第一部分内容。\n\n### 1.1 小节一\n这里有一些详细描述。\n\n## 2. 章节二\n- 列表项 1\n- 列表项 2\n\n### 2.1 小节二\n```java\npublic class Test {\n    public static void main(String[] args) {\n        System.out.println("测试数据 29");\n    }\n}\n```\n\n---\n> 这是测试数据编号 29 的结尾。', 'Kafka 消息队列原理与应用 - 29 的摘要信息，用于测试首页列表展示效果。', '/img/article/sample-1.jpg', 350, 5, 50, true, false, 2, 1, '2024-01-30 11:00:00', '2024-01-30 11:00:00'),
(30, 'Elasticsearch 搜索引擎实践 - 30', '# Elasticsearch 搜索引擎实践 - 30\n\n## 1. 章节一\n这是关于 Elasticsearch 搜索引擎实践 - 30 的第一部分内容。\n\n### 1.1 小节一\n这里有一些详细描述。\n\n## 2. 章节二\n- 列表项 1\n- 列表项 2\n\n### 2.1 小节二\n```java\npublic class Test {\n    public static void main(String[] args) {\n        System.out.println("测试数据 30");\n    }\n}\n```\n\n---\n> 这是测试数据编号 30 的结尾。', 'Elasticsearch 搜索引擎实践 - 30 的摘要信息，用于测试首页列表展示效果。', '/img/article/sample-2.jpg', 360, 6, 52, true, false, 3, 1, '2024-01-31 12:00:00', '2024-01-31 12:00:00'),
(31, 'JVM 调优实战经验 - 31', '# JVM 调优实战经验 - 31\n\n## 1. 章节一\n这是关于 JVM 调优实战经验 - 31 的第一部分内容。\n\n### 1.1 小节一\n这里有一些详细描述。\n\n## 2. 章节二\n- 列表项 1\n- 列表项 2\n\n### 2.1 小节二\n```java\npublic class Test {\n    public static void main(String[] args) {\n        System.out.println("测试数据 31");\n    }\n}\n```\n\n---\n> 这是测试数据编号 31 的结尾。', 'JVM 调优实战经验 - 31 的摘要信息，用于测试首页列表展示效果。', '/img/article/sample-3.jpg', 370, 7, 54, true, false, 1, 1, '2024-02-01 13:00:00', '2024-02-01 13:00:00'),
(32, 'Design Patterns in Java - 32', '# Design Patterns in Java - 32\n\n## 1. 章节一\n这是关于 Design Patterns in Java - 32 的第一部分内容。\n\n### 1.1 小节一\n这里有一些详细描述。\n\n## 2. 章节二\n- 列表项 1\n- 列表项 2\n\n### 2.1 小节二\n```java\npublic class Test {\n    public static void main(String[] args) {\n        System.out.println("测试数据 32");\n    }\n}\n```\n\n---\n> 这是测试数据编号 32 的结尾。', 'Design Patterns in Java - 32 的摘要信息，用于测试首页列表展示效果。', '/img/article/sample-4.jpg', 380, 8, 56, true, false, 2, 1, '2024-02-02 14:00:00', '2024-02-02 14:00:00'),
(33, 'Clean Code 编程之道 - 33', '# Clean Code 编程之道 - 33\n\n## 1. 章节一\n这是关于 Clean Code 编程之道 - 33 的第一部分内容。\n\n### 1.1 小节一\n这里有一些详细描述。\n\n## 2. 章节二\n- 列表项 1\n- 列表项 2\n\n### 2.1 小节二\n```java\npublic class Test {\n    public static void main(String[] args) {\n        System.out.println("测试数据 33");\n    }\n}\n```\n\n---\n> 这是测试数据编号 33 的结尾。', 'Clean Code 编程之道 - 33 的摘要信息，用于测试首页列表展示效果。', '/img/article/sample-5.jpg', 390, 9, 58, true, false, 3, 1, '2024-02-03 15:00:00', '2024-02-03 15:00:00'),
(34, 'Spring Security 认证授权详解 - 34', '# Spring Security 认证授权详解 - 34\n\n## 1. 章节一\n这是关于 Spring Security 认证授权详解 - 34 的第一部分内容。\n\n### 1.1 小节一\n这里有一些详细描述。\n\n## 2. 章节二\n- 列表项 1\n- 列表项 2\n\n### 2.1 小节二\n```java\npublic class Test {\n    public static void main(String[] args) {\n        System.out.println("测试数据 34");\n    }\n}\n```\n\n---\n> 这是测试数据编号 34 的结尾。', 'Spring Security 认证授权详解 - 34 的摘要信息，用于测试首页列表展示效果。', '/img/article/sample-1.jpg', 400, 0, 60, true, true, 1, 1, '2024-02-04 16:00:00', '2024-02-04 16:00:00'),
(35, 'MyBatis-Plus 高级用法 - 35', '# MyBatis-Plus 高级用法 - 35\n\n## 1. 章节一\n这是关于 MyBatis-Plus 高级用法 - 35 的第一部分内容。\n\n### 1.1 小节一\n这里有一些详细描述。\n\n## 2. 章节二\n- 列表项 1\n- 列表项 2\n\n### 2.1 小节二\n```java\npublic class Test {\n    public static void main(String[] args) {\n        System.out.println("测试数据 35");\n    }\n}\n```\n\n---\n> 这是测试数据编号 35 的结尾。', 'MyBatis-Plus 高级用法 - 35 的摘要信息，用于测试首页列表展示效果。', '/img/article/sample-2.jpg', 410, 1, 62, true, false, 2, 1, '2024-02-05 17:00:00', '2024-02-05 17:00:00'),
(36, 'PostgreSQL 进阶指南 - 36', '# PostgreSQL 进阶指南 - 36\n\n## 1. 章节一\n这是关于 PostgreSQL 进阶指南 - 36 的第一部分内容。\n\n### 1.1 小节一\n这里有一些详细描述。\n\n## 2. 章节二\n- 列表项 1\n- 列表项 2\n\n### 2.1 小节二\n```java\npublic class Test {\n    public static void main(String[] args) {\n        System.out.println("测试数据 36");\n    }\n}\n```\n\n---\n> 这是测试数据编号 36 的结尾。', 'PostgreSQL 进阶指南 - 36 的摘要信息，用于测试首页列表展示效果。', '/img/article/sample-3.jpg', 420, 2, 64, true, false, 3, 1, '2024-02-06 18:00:00', '2024-02-06 18:00:00'),
(37, 'React 前端开发实战 - 37', '# React 前端开发实战 - 37\n\n## 1. 章节一\n这是关于 React 前端开发实战 - 37 的第一部分内容。\n\n### 1.1 小节一\n这里有一些详细描述。\n\n## 2. 章节二\n- 列表项 1\n- 列表项 2\n\n### 2.1 小节二\n```java\npublic class Test {\n    public static void main(String[] args) {\n        System.out.println("测试数据 37");\n    }\n}\n```\n\n---\n> 这是测试数据编号 37 的结尾。', 'React 前端开发实战 - 37 的摘要信息，用于测试首页列表展示效果。', '/img/article/sample-4.jpg', 430, 3, 66, true, false, 1, 1, '2024-02-07 19:00:00', '2024-02-07 19:00:00'),
(38, 'Vue 3.0 全家桶解析 - 38', '# Vue 3.0 全家桶解析 - 38\n\n## 1. 章节一\n这是关于 Vue 3.0 全家桶解析 - 38 的第一部分内容。\n\n### 1.1 小节一\n这里有一些详细描述。\n\n## 2. 章节二\n- 列表项 1\n- 列表项 2\n\n### 2.1 小节二\n```java\npublic class Test {\n    public static void main(String[] args) {\n        System.out.println("测试数据 38");\n    }\n}\n```\n\n---\n> 这是测试数据编号 38 的结尾。', 'Vue 3.0 全家桶解析 - 38 的摘要信息，用于测试首页列表展示效果。', '/img/article/sample-5.jpg', 440, 4, 68, true, false, 2, 1, '2024-02-08 20:00:00', '2024-02-08 20:00:00'),
(39, 'TypeScript 核心基础 - 39', '# TypeScript 核心基础 - 39\n\n## 1. 章节一\n这是关于 TypeScript 核心基础 - 39 的第一部分内容。\n\n### 1.1 小节一\n这里有一些详细描述。\n\n## 2. 章节二\n- 列表项 1\n- 列表项 2\n\n### 2.1 小节二\n```java\npublic class Test {\n    public static void main(String[] args) {\n        System.out.println("测试数据 39");\n    }\n}\n```\n\n---\n> 这是测试数据编号 39 的结尾。', 'TypeScript 核心基础 - 39 的摘要信息，用于测试首页列表展示效果。', '/img/article/sample-1.jpg', 450, 5, 70, true, false, 3, 1, '2024-02-09 21:00:00', '2024-02-09 21:00:00'),
(40, 'Node.js 服务端开发 - 40', '# Node.js 服务端开发 - 40\n\n## 1. 章节一\n这是关于 Node.js 服务端开发 - 40 的第一部分内容。\n\n### 1.1 小节一\n这里有一些详细描述。\n\n## 2. 章节二\n- 列表项 1\n- 列表项 2\n\n### 2.1 小节二\n```java\npublic class Test {\n    public static void main(String[] args) {\n        System.out.println("测试数据 40");\n    }\n}\n```\n\n---\n> 这是测试数据编号 40 的结尾。', 'Node.js 服务端开发 - 40 的摘要信息，用于测试首页列表展示效果。', '/img/article/sample-2.jpg', 460, 6, 72, true, false, 1, 1, '2024-02-10 22:00:00', '2024-02-10 22:00:00'),
(41, 'Go 语言并发编程 - 41', '# Go 语言并发编程 - 41\n\n## 1. 章节一\n这是关于 Go 语言并发编程 - 41 的第一部分内容。\n\n### 1.1 小节一\n这里有一些详细描述。\n\n## 2. 章节二\n- 列表项 1\n- 列表项 2\n\n### 2.1 小节二\n```java\npublic class Test {\n    public static void main(String[] args) {\n        System.out.println("测试数据 41");\n    }\n}\n```\n\n---\n> 这是测试数据编号 41 的结尾。', 'Go 语言并发编程 - 41 的摘要信息，用于测试首页列表展示效果。', '/img/article/sample-3.jpg', 470, 7, 74, true, false, 2, 1, '2024-02-11 23:00:00', '2024-02-11 23:00:00'),
(42, 'Python 自动化脚本编写 - 42', '# Python 自动化脚本编写 - 42\n\n## 1. 章节一\n这是关于 Python 自动化脚本编写 - 42 的第一部分内容。\n\n### 1.1 小节一\n这里有一些详细描述。\n\n## 2. 章节二\n- 列表项 1\n- 列表项 2\n\n### 2.1 小节二\n```java\npublic class Test {\n    public static void main(String[] args) {\n        System.out.println("测试数据 42");\n    }\n}\n```\n\n---\n> 这是测试数据编号 42 的结尾。', 'Python 自动化脚本编写 - 42 的摘要信息，用于测试首页列表展示效果。', '/img/article/sample-4.jpg', 480, 8, 76, true, false, 3, 1, '2024-02-13 00:00:00', '2024-02-13 00:00:00'),
(43, 'Linux 系统运维常用命令 - 43', '# Linux 系统运维常用命令 - 43\n\n## 1. 章节一\n这是关于 Linux 系统运维常用命令 - 43 的第一部分内容。\n\n### 1.1 小节一\n这里有一些详细描述。\n\n## 2. 章节二\n- 列表项 1\n- 列表项 2\n\n### 2.1 小节二\n```java\npublic class Test {\n    public static void main(String[] args) {\n        System.out.println("测试数据 43");\n    }\n}\n```\n\n---\n> 这是测试数据编号 43 的结尾。', 'Linux 系统运维常用命令 - 43 的摘要信息，用于测试首页列表展示效果。', '/img/article/sample-5.jpg', 490, 9, 78, true, false, 1, 1, '2024-02-14 01:00:00', '2024-02-14 01:00:00'),
(44, 'Nginx 反向代理配置 - 44', '# Nginx 反向代理配置 - 44\n\n## 1. 章节一\n这是关于 Nginx 反向代理配置 - 44 的第一部分内容。\n\n### 1.1 小节一\n这里有一些详细描述。\n\n## 2. 章节二\n- 列表项 1\n- 列表项 2\n\n### 2.1 小节二\n```java\npublic class Test {\n    public static void main(String[] args) {\n        System.out.println("测试数据 44");\n    }\n}\n```\n\n---\n> 这是测试数据编号 44 的结尾。', 'Nginx 反向代理配置 - 44 的摘要信息，用于测试首页列表展示效果。', '/img/article/sample-1.jpg', 500, 0, 80, true, false, 2, 1, '2024-02-15 02:00:00', '2024-02-15 02:00:00'),
(45, 'HTTP/3 协议深度分析 - 45', '# HTTP/3 协议深度分析 - 45\n\n## 1. 章节一\n这是关于 HTTP/3 协议深度分析 - 45 的第一部分内容。\n\n### 1.1 小节一\n这里有一些详细描述。\n\n## 2. 章节二\n- 列表项 1\n- 列表项 2\n\n### 2.1 小节二\n```java\npublic class Test {\n    public static void main(String[] args) {\n        System.out.println("测试数据 45");\n    }\n}\n```\n\n---\n> 这是测试数据编号 45 的结尾。', 'HTTP/3 协议深度分析 - 45 的摘要信息，用于测试首页列表展示效果。', '/img/article/sample-2.jpg', 510, 1, 82, true, false, 3, 1, '2024-02-16 03:00:00', '2024-02-16 03:00:00'),
(46, 'Spring Cloud 微服务实战 - 46', '# Spring Cloud 微服务实战 - 46\n\n## 1. 章节一\n这是关于 Spring Cloud 微服务实战 - 46 的第一部分内容。\n\n### 1.1 小节一\n这里有一些详细描述。\n\n## 2. 章节二\n- 列表项 1\n- 列表项 2\n\n### 2.1 小节二\n```java\npublic class Test {\n    public static void main(String[] args) {\n        System.out.println("测试数据 46");\n    }\n}\n```\n\n---\n> 这是测试数据编号 46 的结尾。', 'Spring Cloud 微服务实战 - 46 的摘要信息，用于测试首页列表展示效果。', '/img/article/sample-3.jpg', 520, 2, 84, true, false, 1, 1, '2024-02-17 04:00:00', '2024-02-17 04:00:00'),
(47, 'Docker 容器化部署指南 - 47', '# Docker 容器化部署指南 - 47\n\n## 1. 章节一\n这是关于 Docker 容器化部署指南 - 47 的第一部分内容。\n\n### 1.1 小节一\n这里有一些详细描述。\n\n## 2. 章节二\n- 列表项 1\n- 列表项 2\n\n### 2.1 小节二\n```java\npublic class Test {\n    public static void main(String[] args) {\n        System.out.println("测试数据 47");\n    }\n}\n```\n\n---\n> 这是测试数据编号 47 的结尾。', 'Docker 容器化部署指南 - 47 的摘要信息，用于测试首页列表展示效果。', '/img/article/sample-4.jpg', 530, 3, 86, true, false, 2, 1, '2024-02-18 05:00:00', '2024-02-18 05:00:00'),
(48, 'Kubernetes 集群管理入门 - 48', '# Kubernetes 集群管理入门 - 48\n\n## 1. 章节一\n这是关于 Kubernetes 集群管理入门 - 48 的第一部分内容。\n\n### 1.1 小节一\n这里有一些详细描述。\n\n## 2. 章节二\n- 列表项 1\n- 列表项 2\n\n### 2.1 小节二\n```java\npublic class Test {\n    public static void main(String[] args) {\n        System.out.println("测试数据 48");\n    }\n}\n```\n\n---\n> 这是测试数据编号 48 的结尾。', 'Kubernetes 集群管理入门 - 48 的摘要信息，用于测试首页列表展示效果。', '/img/article/sample-5.jpg', 540, 4, 88, true, false, 3, 1, '2024-02-19 06:00:00', '2024-02-19 06:00:00'),
(49, 'Redis 缓存深度解析 - 49', '# Redis 缓存深度解析 - 49\n\n## 1. 章节一\n这是关于 Redis 缓存深度解析 - 49 的第一部分内容。\n\n### 1.1 小节一\n这里有一些详细描述。\n\n## 2. 章节二\n- 列表项 1\n- 列表项 2\n\n### 2.1 小节二\n```java\npublic class Test {\n    public static void main(String[] args) {\n        System.out.println("测试数据 49");\n    }\n}\n```\n\n---\n> 这是测试数据编号 49 的结尾。', 'Redis 缓存深度解析 - 49 的摘要信息，用于测试首页列表展示效果。', '/img/article/sample-1.jpg', 550, 5, 90, true, true, 1, 1, '2024-02-20 07:00:00', '2024-02-20 07:00:00'),
(50, 'Kafka 消息队列原理与应用 - 50', '# Kafka 消息队列原理与应用 - 50\n\n## 1. 章节一\n这是关于 Kafka 消息队列原理与应用 - 50 的第一部分内容。\n\n### 1.1 小节一\n这里有一些详细描述。\n\n## 2. 章节二\n- 列表项 1\n- 列表项 2\n\n### 2.1 小节二\n```java\npublic class Test {\n    public static void main(String[] args) {\n        System.out.println("测试数据 50");\n    }\n}\n```\n\n---\n> 这是测试数据编号 50 的结尾。', 'Kafka 消息队列原理与应用 - 50 的摘要信息，用于测试首页列表展示效果。', '/img/article/sample-2.jpg', 560, 6, 92, true, false, 2, 1, '2024-02-21 08:00:00', '2024-02-21 08:00:00'),
(51, 'Elasticsearch 搜索引擎实践 - 51', '# Elasticsearch 搜索引擎实践 - 51\n\n## 1. 章节一\n这是关于 Elasticsearch 搜索引擎实践 - 51 的第一部分内容。\n\n### 1.1 小节一\n这里有一些详细描述。\n\n## 2. 章节二\n- 列表项 1\n- 列表项 2\n\n### 2.1 小节二\n```java\npublic class Test {\n    public static void main(String[] args) {\n        System.out.println("测试数据 51");\n    }\n}\n```\n\n---\n> 这是测试数据编号 51 的结尾。', 'Elasticsearch 搜索引擎实践 - 51 的摘要信息，用于测试首页列表展示效果。', '/img/article/sample-3.jpg', 570, 7, 94, true, false, 3, 1, '2024-02-22 09:00:00', '2024-02-22 09:00:00'),
(52, 'JVM 调优实战经验 - 52', '# JVM 调优实战经验 - 52\n\n## 1. 章节一\n这是关于 JVM 调优实战经验 - 52 的第一部分内容。\n\n### 1.1 小节一\n这里有一些详细描述。\n\n## 2. 章节二\n- 列表项 1\n- 列表项 2\n\n### 2.1 小节二\n```java\npublic class Test {\n    public static void main(String[] args) {\n        System.out.println("测试数据 52");\n    }\n}\n```\n\n---\n> 这是测试数据编号 52 的结尾。', 'JVM 调优实战经验 - 52 的摘要信息，用于测试首页列表展示效果。', '/img/article/sample-4.jpg', 580, 8, 96, true, false, 1, 1, '2024-02-23 10:00:00', '2024-02-23 10:00:00'),
(53, 'Design Patterns in Java - 53', '# Design Patterns in Java - 53\n\n## 1. 章节一\n这是关于 Design Patterns in Java - 53 的第一部分内容。\n\n### 1.1 小节一\n这里有一些详细描述。\n\n## 2. 章节二\n- 列表项 1\n- 列表项 2\n\n### 2.1 小节二\n```java\npublic class Test {\n    public static void main(String[] args) {\n        System.out.println("测试数据 53");\n    }\n}\n```\n\n---\n> 这是测试数据编号 53 的结尾。', 'Design Patterns in Java - 53 的摘要信息，用于测试首页列表展示效果。', '/img/article/sample-5.jpg', 590, 9, 98, true, false, 2, 1, '2024-02-24 11:00:00', '2024-02-24 11:00:00'),
(54, 'Clean Code 编程之道 - 54', '# Clean Code 编程之道 - 54\n\n## 1. 章节一\n这是关于 Clean Code 编程之道 - 54 的第一部分内容。\n\n### 1.1 小节一\n这里有一些详细描述。\n\n## 2. 章节二\n- 列表项 1\n- 列表项 2\n\n### 2.1 小节二\n```java\npublic class Test {\n    public static void main(String[] args) {\n        System.out.println("测试数据 54");\n    }\n}\n```\n\n---\n> 这是测试数据编号 54 的结尾。', 'Clean Code 编程之道 - 54 的摘要信息，用于测试首页列表展示效果。', '/img/article/sample-1.jpg', 600, 0, 100, true, false, 3, 1, '2024-02-25 12:00:00', '2024-02-25 12:00:00'),
(55, 'Spring Security 认证授权详解 - 55', '# Spring Security 认证授权详解 - 55\n\n## 1. 章节一\n这是关于 Spring Security 认证授权详解 - 55 的第一部分内容。\n\n### 1.1 小节一\n这里有一些详细描述。\n\n## 2. 章节二\n- 列表项 1\n- 列表项 2\n\n### 2.1 小节二\n```java\npublic class Test {\n    public static void main(String[] args) {\n        System.out.println("测试数据 55");\n    }\n}\n```\n\n---\n> 这是测试数据编号 55 的结尾。', 'Spring Security 认证授权详解 - 55 的摘要信息，用于测试首页列表展示效果。', '/img/article/sample-2.jpg', 610, 1, 102, true, false, 1, 1, '2024-02-26 13:00:00', '2024-02-26 13:00:00'),
(56, 'MyBatis-Plus 高级用法 - 56', '# MyBatis-Plus 高级用法 - 56\n\n## 1. 章节一\n这是关于 MyBatis-Plus 高级用法 - 56 的第一部分内容。\n\n### 1.1 小节一\n这里有一些详细描述。\n\n## 2. 章节二\n- 列表项 1\n- 列表项 2\n\n### 2.1 小节二\n```java\npublic class Test {\n    public static void main(String[] args) {\n        System.out.println("测试数据 56");\n    }\n}\n```\n\n---\n> 这是测试数据编号 56 的结尾。', 'MyBatis-Plus 高级用法 - 56 的摘要信息，用于测试首页列表展示效果。', '/img/article/sample-3.jpg', 620, 2, 104, true, false, 2, 1, '2024-02-27 14:00:00', '2024-02-27 14:00:00'),
(57, 'PostgreSQL 进阶指南 - 57', '# PostgreSQL 进阶指南 - 57\n\n## 1. 章节一\n这是关于 PostgreSQL 进阶指南 - 57 的第一部分内容。\n\n### 1.1 小节一\n这里有一些详细描述。\n\n## 2. 章节二\n- 列表项 1\n- 列表项 2\n\n### 2.1 小节二\n```java\npublic class Test {\n    public static void main(String[] args) {\n        System.out.println("测试数据 57");\n    }\n}\n```\n\n---\n> 这是测试数据编号 57 的结尾。', 'PostgreSQL 进阶指南 - 57 的摘要信息，用于测试首页列表展示效果。', '/img/article/sample-4.jpg', 630, 3, 106, true, false, 3, 1, '2024-02-28 15:00:00', '2024-02-28 15:00:00'),
(58, 'React 前端开发实战 - 58', '# React 前端开发实战 - 58\n\n## 1. 章节一\n这是关于 React 前端开发实战 - 58 的第一部分内容。\n\n### 1.1 小节一\n这里有一些详细描述。\n\n## 2. 章节二\n- 列表项 1\n- 列表项 2\n\n### 2.1 小节二\n```java\npublic class Test {\n    public static void main(String[] args) {\n        System.out.println("测试数据 58");\n    }\n}\n```\n\n---\n> 这是测试数据编号 58 的结尾。', 'React 前端开发实战 - 58 的摘要信息，用于测试首页列表展示效果。', '/img/article/sample-5.jpg', 640, 4, 108, true, false, 1, 1, '2024-03-01 16:00:00', '2024-03-01 16:00:00'),
(101, '租户2的测试文章', '# 租户2的测试文章\n\n这是一篇属于租户2的测试文章内容。', '租户2测试文章摘要', '/img/article/sample-2.jpg', 50, 0, 0, true, false, 101, 2, '2024-01-10 10:00:00', '2024-01-10 10:00:00');

-- 插入文章标签关联
INSERT INTO article_tag (article_id, tag_id) VALUES
(1, 1), (2, 1), (2, 2), (2, 4), (3, 3), (4, 1), (5, 2), (6, 3), (7, 4), (8, 1), (9, 2), (10, 3),
(11, 4), (12, 1), (13, 2), (14, 3), (15, 4), (16, 1), (17, 2), (18, 3), (19, 4), (20, 1), (21, 2), (22, 3), (23, 4), (24, 1),
(25, 2), (26, 3), (27, 4), (28, 1), (29, 2), (30, 3), (31, 4), (32, 1), (33, 2), (34, 3), (35, 4), (36, 1), (37, 2), (38, 3),
(39, 4), (40, 1), (41, 2), (42, 3), (43, 4), (44, 1), (45, 2), (46, 3), (47, 4), (48, 1), (49, 2), (50, 3), (51, 4), (52, 1),
(53, 2), (54, 3), (55, 4), (56, 1), (57, 2), (58, 3), (101, 4);

-- 插入评论数据
INSERT INTO comment (id, article_id, nickname, email, content, ip, user_agent, is_admin_reply, tenant_id, create_time) VALUES
(101, 101, '租户2访客', 'guest@test2.com', '租户2的评论测试。', '127.0.0.1', 'Mozilla/5.0', false, 2, '2024-01-10 11:00:00'),
(1, 1, '张三', 'zhangsan@example.com', 'Spring Boot 3.0的性能提升确实很明显，已经在生产环境使用了。', '192.168.1.100', 'Mozilla/5.0 (Windows NT 10.0; Win64; x64)', false, 1, '2024-01-01 12:30:00'),
(2, 1, '管理员', 'admin@freecity.club', '感谢支持，后续会持续分享Spring Boot相关内容。', '192.168.1.1', 'Mozilla/5.0 (Windows NT 10.0; Win64; x64)', true, 1, '2024-01-01 13:00:00'),
(3, 2, '李四', 'lisi@example.com', '文章讲解得很详细，对微服务架构有了更深的理解。', '192.168.1.101', 'Mozilla/5.0 (Windows NT 10.0; Win64; x64)', false, 1, '2024-01-02 15:00:00'),
(4, 2, '王五', 'wangwu@example.com', '请问服务之间的通信方式最佳实践是什么？', '192.168.1.102', 'Mozilla/5.0 (Windows NT 10.0; Win64; x64)', false, 1, '2024-01-02 16:00:00'),
(5, 2, '管理员', 'admin@freecity.club', '推荐使用REST API或gRPC，具体要根据业务场景选择。', '192.168.1.1', 'Mozilla/5.0 (Windows NT 10.0; Win64; x64)', true, 1, '2024-01-02 16:30:00'),
(6, 3, '赵六', 'zhaoliu@example.com', 'MySQL优化建议非常实用，解决了我们项目中的性能问题。', '192.168.1.103', 'Mozilla/5.0 (Windows NT 10.0; Win64; x64)', false, 1, '2024-01-03 17:00:00');
